15-Р292,Алати за развој софтвера,100,14.3.2026.,9,Рачунарство,4И,јесењи,2017,1,1,,Непознато
М6.04,Алгебарска топологија,2,10.3.2026.,13,Топологија,4ММ,јесењи,2022,0,1,,Студентски трг
М6.04,Алгебарска топологија,3,10.3.2026.,13,Топологија,4М,јесењи,2015,0,1,М,Студентски трг
М1.04,Алгебра 1,13,12.3.2026.,17,Алгебра,2М,пролећни,2022,0,0,Л,Студентски трг
М1.04,Алгебра 1,27,12.3.2026.,17,Алгебра,2М,јесењи,2015,0,1,,Студентски трг
М1.04Р,Алгебра 1,28,12.3.2026.,17,Алгебра,2М,јесењи,2022,0,1,Р,Студентски трг
М1.041,Алгебра 1,57,12.3.2026.,17,Алгебра,2М,јесењи,2022,0,1,МПС,Студентски трг
15-М140,Алгебра 1,127,12.3.2026.,17,Алгебра,2И,пролећни,2017,0,0,,Студентски трг
М1.06Л,Алгебра 2,0,12.3.2026.,17,Алгебра,3МЛ,јесењи,2022,0,1,,Студентски трг
М1.06,Алгебра 2,1,12.3.2026.,17,Алгебра,4МП,јесењи,2022,0,1,,Студентски трг
М1.06С,Алгебра 2,14,12.3.2026.,17,Алгебра,3МС,пролећни,2022,0,0,,Студентски трг
М1.06М,Алгебра 2,17,12.3.2026.,17,Алгебра,3ММ,јесењи,2022,0,1,,Студентски трг
М1.06,Алгебра 2,19,12.3.2026.,17,Алгебра,2М,пролећни,2015,0,0,Р,Студентски трг
М141,Алгебра 2,22,16.3.2026.,13,Алгебра,4И,пролећни,2017,0,1,,Студентски трг
М1.06,Алгебра 2,24,12.3.2026.,17,Алгебра,3M,пролећни,2015,0,0,Л,Студентски трг
М1.06,Алгебра 2,24,12.3.2026.,17,Алгебра,4М,јесењи,2015,0,1,МПС,Студентски трг
М1.06,Алгебра 2,25,12.3.2026.,17,Алгебра,3M,јесењи,2015,0,1,ЛМПС,Студентски трг
М1.06Р,Алгебра 2,36,12.3.2026.,17,Алгебра,2М,пролећни,2022,0,0,Р,Студентски трг
М1.13,Алгебра 3,0,16.3.2026.,13,Алгебра,3M,пролећни,2015,0,1,Л,Студентски трг
М1.13,Алгебра 3,0,16.3.2026.,13,Алгебра,4М,пролећни,2015,0,1,П,Студентски трг
М1.13,Алгебра 3,4,16.3.2026.,13,Алгебра,3M,пролећни,2015,0,1,М,Студентски трг
М1.13,Алгебра 3,16,16.3.2026.,13,Алгебра,3ММ,пролећни,2022,0,1,,Студентски трг
РМ18,Алгоритми и структуре података,9,7.3.2026.,13,Рачунарство,4М,јесењи,2015,1,1,Р,Јагићева
П103,Алгоритми и структуре података,161,5.3.2026.,9,Рачунарство,2И,јесењи,2017,1,1,,Студентски трг
15-М2.01,Анализа 1,30,10.3.2026.,13,Анализа,1М,јесењи,2015,0,1,,Непознато
М111,Анализа 1,86,16.3.2026.,9,Анализа,1И,пролећни,2017,0,1,,Студентски трг
М2.01,Анализа 1,155,10.3.2026.,13,Анализа,1М,јесењи,2022,0,1,,Непознато
М111,Анализа 1,164,16.3.2026.,9,Анализа,1И,пролећни,2024,0,1,,Студентски трг
М2.03,Анализа 2,45,10.3.2026.,13,Анализа,2М,јесењи,2015,0,1,,Непознато
М112,Анализа 2,73,10.3.2026.,17,Анализа,2И,јесењи,2024,0,1,,Непознато
М2.03,Анализа 2,90,10.3.2026.,13,Анализа,2М,јесењи,2022,0,1,МПРС,Непознато
М112,Анализа 2,166,10.3.2026.,17,Анализа,2И,јесењи,2017,0,1,,Непознато
М2.03а,Анализа 2А,11,10.3.2026.,13,Анализа,2М,јесењи,2022,0,1,Л,Непознато
М2.03Б,Анализа 2Б,3,10.3.2026.,13,Анализа,3МЛ,јесењи,2022,0,1,,Студентски трг
М113,Анализа 3,56,9.3.2026.,9,Анализа,2И,пролећни,2024,0,1,,Студентски трг
М113,Анализа 3,254,9.3.2026.,9,Анализа,2И,пролећни,2017,0,1,,Студентски трг
М2.25,Анализа 3А,4,17.3.2026.,13,Анализа,3МП,јесењи,2022,0,1,,Студентски трг
М2.12,Анализа 3А,4,17.3.2026.,13,Анализа,3M,јесењи,2015,0,1,М,Студентски трг
М2.25,Анализа 3А,10,17.3.2026.,13,Анализа,3M,јесењи,2015,0,1,П,Студентски трг
М2.12,Анализа 3А,12,17.3.2026.,13,Анализа,3ММ,јесењи,2022,0,1,,Студентски трг
М2.29,Анализа 3А,38,17.3.2026.,13,Анализа,3МС,јесењи,2022,0,1,,Студентски трг
М2.29,Анализа 3А,40,17.3.2026.,13,Анализа,3M,јесењи,2015,0,1,С,Студентски трг
М2.30,Анализа 3Б,0,11.3.2026.,13,Анализа,4МС,пролећни,2022,0,1,,Студентски трг
М2.26,Анализа 3Б,3,11.3.2026.,13,Анализа,3МП,пролећни,2022,0,1,,Студентски трг
М2.30,Анализа 3Б,6,11.3.2026.,13,Анализа,4М,пролећни,2015,0,1,С,Студентски трг
М2.14,Анализа 3Б,8,11.3.2026.,13,Анализа,3M,пролећни,2015,0,1,М,Студентски трг
М2.26,Анализа 3Б,12,11.3.2026.,13,Анализа,3M,пролећни,2015,0,1,П,Студентски трг
М2.14,Анализа 3Б,13,11.3.2026.,13,Анализа,3ММ,пролећни,2022,0,1,,Студентски трг
М114,Анализа 4,32,10.3.2026.,13,Анализа,4И,јесењи,2017,0,1,,Студентски трг
М3.01,Аналитичка геометрија,182,6.3.2026.,9,Геометрија,1М,пролећни,2022,0,1,,Студентски трг
2М7.03,Аналитичке мeтоде у елементарној математици са методиком,0,13.3.2026.,9,Комплексна,5МЛМ,јесењи,2022,0,0,,Студентски трг
2М7.03,Аналитичке мeтоде у елементарној математици са методиком,7,13.3.2026.,9,Комплексна,5МЛ,јесењи,2022,0,0,,Студентски трг
РМ15,Архитектура рачунара 1,27,12.3.2026.,17,Рачунарство,3МР,пролећни,2022,1,0,,Непознато
РМ15,Архитектура рачунара 1,38,12.3.2026.,17,Рачунарство,3M,пролећни,2015,1,0,,Непознато
Р306,Аутоматско резоновање,10,10.3.2026.,17,Рачунарство,5МР,јесењи,2022,1,1,,Непознато
Р306,Аутоматско резоновање,15,10.3.2026.,17,Рачунарство,5И,јесењи,2019,1,1,,Непознато
М4.16,Варијациони рачун,6,5.3.2026.,9,Нумерика,4М,пролећни,2015,0,0,П,Студентски трг
РМ07,Веб програмирање,2,6.3.2026.,17,Рачунарство,4МЛ,пролећни,2022,1,1,,Светог Николе
РМ07,Веб програмирање,5,6.3.2026.,17,Рачунарство,2М,пролећни,2022,1,1,П,Светог Николе
РМ07,Веб програмирање,9,6.3.2026.,17,Рачунарство,2М,пролећни,2015,1,1,П,Светог Николе
РМ07,Веб програмирање,9,6.3.2026.,17,Рачунарство,4М,пролећни,2015,1,1,ЛПС,Светог Николе
НМ2.07,Векторска анализа и теорија поља,8,9.3.2026.,9,Анализа,3ММ,пролећни,2022,0,1,,Студентски трг
Р347,Верификација софтвера,17,7.3.2026.,17,Рачунарство,5МР,јесењи,2022,1,1,,Непознато
Р347,Верификација софтвера,77,7.3.2026.,17,Рачунарство,5И,јесењи,2019,1,1,,Непознато
М161,Вероватноћа,302,17.3.2026.,9,Вероватноћа,3И,јесењи,2017,0,1,,Студентски трг
М5.01,Вероватноћа и статистика А,2,12.3.2026.,9,Вероватноћа,4МП,јесењи,2022,0,1,,Студентски трг
М5.01,Вероватноћа и статистика А,16,12.3.2026.,9,Вероватноћа,4МР,јесењи,2022,0,1,,Студентски трг
М5.01,Вероватноћа и статистика А,45,12.3.2026.,9,Вероватноћа,3M,јесењи,2015,0,1,Р,Студентски трг
М5.02,Вероватноћа и статистика Б,1,13.3.2026.,17,Вероватноћа,4МП,пролећни,2022,0,1,,Студентски трг
М5.02,Вероватноћа и статистика Б,2,13.3.2026.,17,Вероватноћа,4ММ,пролећни,2022,0,1,,Студентски трг
М5.02,Вероватноћа и статистика Б,17,13.3.2026.,17,Вероватноћа,4МР,пролећни,2022,0,1,,Студентски трг
М5.02,Вероватноћа и статистика Б,30,13.3.2026.,17,Вероватноћа,4М,пролећни,2015,0,1,ЛМП,Студентски трг
М5.02,Вероватноћа и статистика Б,64,13.3.2026.,17,Вероватноћа,3M,пролећни,2015,0,1,Р,Студентски трг
М5.01,Вероватноћа и статистика са практикумом,6,12.3.2026.,9,Вероватноћа,4МЛ,јесењи,2022,0,1,,Студентски трг
М5.01,Вероватоћа и статистика А,5,12.3.2026.,9,Вероватноћа,4ММ,јесењи,2022,0,1,,Студентски трг
М5.01,Вероватоћа и статистика А,27,12.3.2026.,9,Вероватноћа,4М,јесењи,2015,0,1,ЛМП,Студентски трг
2РМЛ3,Вештачка интелигенција,1,9.3.2026.,17,Рачунарство,5МР,пролећни,2022,1,1,,Студентски трг
2РМЛ3,Вештачка интелигенција,2,9.3.2026.,17,Рачунарство,5МЛ,пролећни,2022,1,1,,Студентски трг
2РМЛ3,Вештачка интелигенција,2,9.3.2026.,17,Рачунарство,5МЛМ,пролећни,2022,1,1,,Студентски трг
2РМЛ3,Вештачка интелигенција,6,9.3.2026.,17,Рачунарство,5МП,пролећни,2022,1,1,,Студентски трг
Р260,Вештачка интелигенција,255,9.3.2026.,17,Рачунарство,3И,пролећни,2017,1,1,,Студентски трг
М5.11,Временске серије и примене у финансијама,12,14.3.2026.,9,Вероватноћа,4МС,јесењи,2022,1,1,,Непознато
М5.11,Временске серије и примене у финансијама,33,14.3.2026.,9,Вероватноћа,4М,јесењи,2015,1,1,С,Непознато
М131,Геометрија,82,14.3.2026.,13,Геометрија,2И,јесењи,2024,0,1,,Студентски трг
М131,Геометрија,101,14.3.2026.,13,Геометрија,2И,јесењи,2017,0,1,,Студентски трг
15-М3.01,Геометрија 1,29,6.3.2026.,9,Геометрија,1М,пролећни,2015,0,1,,Студентски трг
15-М3.02,Геометрија 2,70,14.3.2026.,9,Геометрија,2М,јесењи,2015,0,1,,Студентски трг
15-М3.03,Геометрија 3,110,6.3.2026.,13,Геометрија,2М,пролећни,2015,0,1,,Студентски трг
15-М3.04,Геометрија 4,2,6.3.2026.,9,Геометрија,4М,пролећни,2015,0,1,М,Студентски трг
15-М3.04,Геометрија 4,76,6.3.2026.,9,Геометрија,3M,пролећни,2015,0,1,ЛПРС,Студентски трг
М3.07,Геометрија 5,0,6.3.2026.,9,Геометрија,4М,пролећни,2015,0,1,Л,Студентски трг
М3.07,Геометрија 5,6,6.3.2026.,9,Геометрија,3M,пролећни,2015,0,1,М,Студентски трг
М3.03,Геометрија кривих  и површи,146,6.3.2026.,13,Геометрија,2М,пролећни,2022,0,1,,Студентски трг
М2.19,Геометријска теорија функција 1,2,13.3.2026.,9,Комплексна,4ММ,јесењи,2022,0,0,,Студентски трг
Р313,Геометријски алгоритми,3,12.3.2026.,17,Рачунарство,5МР,јесењи,2022,1,1,,Непознато
Р313,Геометријски алгоритми,22,12.3.2026.,17,Рачунарство,5И,јесењи,2019,1,1,,Непознато
НМ4.01,Геометријско моделовање,0,6.3.2026.,13,Геометрија,3МР,пролећни,2022,0,1,,Студентски трг
НМ4.01,Геометријско моделовање,2,6.3.2026.,13,Геометрија,2М,пролећни,2022,0,1,П,Студентски трг
НМ4.01,Геометријско моделовање,2,6.3.2026.,13,Геометрија,3МС,пролећни,2022,0,1,,Студентски трг
Р120.1,Дигитални запис података,133,5.3.2026.,17,Рачунарство,1И,јесењи,2024,0,1,,Студентски трг
НР1.02,Дизајн и анализа алгоритама,20,7.3.2026.,13,Рачунарство,4МР,јесењи,2022,1,1,,Јагићева
РМ08,Дизајн програмских језика,13,14.3.2026.,9,Рачунарство,3M,пролећни,2015,1,0,Р,Непознато
РМ08,Дизајн програмских језика,17,14.3.2026.,9,Рачунарство,3МР,пролећни,2022,1,0,,Непознато
М1.05,Дискретна математика,5,7.3.2026.,9,Алгебра,2М,јесењи,2015,0,1,ЛМПР,Студентски трг
М1.05,Дискретна математика,21,7.3.2026.,9,Алгебра,2М,јесењи,2022,0,1,МР,Студентски трг
М105,Дискретне структуре 1,11,12.3.2026.,13,Алгебра,1И,јесењи,2017,0,1,,Студентски трг
М105,Дискретне структуре 1,131,12.3.2026.,13,Алгебра,1И,јесењи,2024,0,1,,Студентски трг
М106,Дискретне структуре 2,26,13.3.2026.,9,Нумерика,1И,пролећни,2017,0,1,,Студентски трг
М106,Дискретне структуре 2,150,13.3.2026.,9,Нумерика,1И,пролећни,2024,0,1,,Студентски трг
М107,Дискретне структуре 3,7,11.3.2026.,17,Нумерика,4И,пролећни,2017,0,1,,Студентски трг
М2.16,Дистрибуције и парцијалне једначине А,2,7.3.2026.,13,Диференцијалне једначине,4ММ,јесењи,2022,0,1,,Студентски трг
М2.16,Дистрибуције и парцијалне једначине А,2,7.3.2026.,13,Диференцијалне једначине,4М,јесењи,2015,0,1,М,Студентски трг
М2.17,Дистрибуције и парцијалне једначине Б,1,9.3.2026.,13,Диференцијалне једначине,4ММ,пролећни,2022,0,1,,Студентски трг
15-М2.17,Дистрибуције и парцијалне једначине Б,6,9.3.2026.,13,Диференцијалне једначине,4М,пролећни,2015,0,1,М,Студентски трг
М3.08,Диференцијална геометрија,2,14.3.2026.,13,Геометрија,4ММ,јесењи,2022,0,1,,Студентски трг
М3.08,Диференцијална геометрија,4,14.3.2026.,13,Геометрија,4М,јесењи,2015,0,1,М,Студентски трг
М2.08,Диференцијалне једначине,3,9.3.2026.,13,Диференцијалне једначине,3МЛ,пролећни,2022,0,1,,Студентски трг
15-М2.23,Диференцијалне једначине,22,7.3.2026.,13,Диференцијалне једначине,3M,јесењи,2015,0,1,Р,Студентски трг
М2.06,Диференцијалне једначине А,5,7.3.2026.,13,Диференцијалне једначине,3МП,јесењи,2022,0,1,,Студентски трг
М2.06,Диференцијалне једначине А,14,7.3.2026.,13,Диференцијалне једначине,3ММ,јесењи,2022,0,1,,Студентски трг
М2.06,Диференцијалне једначине А,31,7.3.2026.,13,Диференцијалне једначине,3M,јесењи,2015,0,1,ЛМПС,Студентски трг
М2.08,Диференцијалне једначине Б,3,9.3.2026.,13,Диференцијалне једначине,3МП,пролећни,2022,0,1,,Студентски трг
М2.08,Диференцијалне једначине Б,11,9.3.2026.,13,Диференцијалне једначине,3ММ,пролећни,2022,0,1,,Студентски трг
М2.08,Диференцијалне једначине Б,15,9.3.2026.,13,Диференцијалне једначине,3M,пролећни,2015,0,1,ЛМП,Студентски трг
М2.08,Диференцијалне једначине Б,32,9.3.2026.,13,Диференцијалне једначине,4М,пролећни,2015,0,1,С,Студентски трг
М2.06С,Диференцијалне једначине и динамички системи,35,7.3.2026.,13,Диференцијалне једначине,3МС,јесењи,2022,0,1,,Студентски трг
М2.23,Диференцијалне једначине са применама,22,7.3.2026.,13,Диференцијалне једначине,3МР,јесењи,2022,0,1,,Студентски трг
М4.081,Екстремални проблеми,0,5.3.2026.,9,Нумерика,4МП,пролећни,2022,0,0,,Студентски трг
НМ1.01,Елементарна математика,91,5.3.2026.,17,Остало,1М,јесењи,2022,0,1,,Студентски трг
М1.16,Елементарна теорија бројева,3,16.3.2026.,13,Алгебра,3M,пролећни,2015,0,1,Л,Студентски трг
М5.10,Елементи актуарске математике,11,17.3.2026.,9,Вероватноћа,4МС,пролећни,2022,0,0,,Студентски трг
М5.10,Елементи актуарске математике,23,17.3.2026.,9,Вероватноћа,4М,пролећни,2015,0,0,С,Студентски трг
НМ6.01,Елементи статистичког учења,12,7.3.2026.,17,Вероватноћа,4МС,јесењи,2022,1,1,,Светог Николе
М5.19,Елементи финансијске математике,11,13.3.2026.,17,Вероватноћа,4МС,пролећни,2022,1,1,,Непознато
М5.19,Елементи финансијске математике,22,13.3.2026.,17,Вероватноћа,4М,пролећни,2015,1,1,С,Непознато
О41,Енглески језик 1,2,17.3.2026.,9,Остало,1И,јесењи,2017,0,0,,Студентски трг
О41,Енглески језик 1,43,17.3.2026.,9,Остало,1И,јесењи,2024,0,0,,Студентски трг
О42,Енглески језик 2,4,11.3.2026.,9,Остало,1И,пролећни,2017,0,1,,Студентски трг
О42,Енглески језик 2,30,11.3.2026.,9,Остало,1И,пролећни,2024,0,1,,Студентски трг
2М5.02,Животно осигурање,16,14.3.2026.,9,Вероватноћа,5МС,јесењи,2022,1,1,,Непознато
М1.11,Заснивање математике,0,16.3.2026.,13,Алгебра,4МЛ,пролећни,2022,0,1,,Студентски трг
М1.11,Заснивање математике,0,16.3.2026.,13,Вероватноћа,4М,пролећни,2015,0,1,Л,Студентски трг
О44,Зететика,6,11.3.2026.,9,Остало,1И,пролећни,2017,0,1,,Студентски трг
О44,Зететика,81,11.3.2026.,9,Остало,1И,пролећни,2024,0,1,,Студентски трг
Р392,Информациони системи,7,14.3.2026.,13,Рачунарство,5МР,јесењи,2022,0,1,,Студентски трг
Р392,Информациони системи,16,14.3.2026.,13,Рачунарство,5И,јесењи,2019,0,1,,Студентски трг
М1.09,Историја и филозофија математике,3,16.3.2026.,13,Алгебра,4МЛ,пролећни,2022,0,1,,Студентски трг
15-М1.09,Историја и филозофија математике,47,16.3.2026.,13,Алгебра,4М,пролећни,2015,0,1,ЛМР,Студентски трг
О21,Историја и филозофија рачунарства,23,7.3.2026.,17,Рачунарство,4И,пролећни,2017,0,0,,Студентски трг
Р274,Истраживање података 1,1,6.3.2026.,13,Рачунарство,4МР,пролећни,2022,1,1,,Одложено
Р274,Истраживање података 1,277,6.3.2026.,13,Рачунарство,3И,пролећни,2017,1,1,,Одложено
Р374Б,Истраживање података 2,2,7.3.2026.,13,Рачунарство,5И,јесењи,2019,1,1,,Јагићева
Р374Б,Истраживање података 2,3,7.3.2026.,13,Рачунарство,5МР,јесењи,2022,1,1,,Јагићева
Р374Б,Истраживање података 2,20,7.3.2026.,13,Рачунарство,5МС,јесењи,2022,1,1,,Јагићева
Р275,Истраживање података 2,98,7.3.2026.,13,Рачунарство,4И,јесењи,2017,1,1,,Јагићева
Р376,Истраживање података у биоинформатици,3,13.3.2026.,17,Рачунарство,5МР,пролећни,2022,1,1,,Непознато
Р376,Истраживање података у биоинформатици,18,13.3.2026.,17,Рачунарство,5И,пролећни,2019,1,1,,Непознато
М2.27,Једначине математичке физике,0,7.3.2026.,13,Диференцијалне једначине,4МЛ,јесењи,2022,0,1,,Студентски трг
М2.27,Једначине математичке физике,2,7.3.2026.,13,Диференцијалне једначине,4МП,јесењи,2022,0,1,,Студентски трг
М2.27,Једначине математичке физике,7,7.3.2026.,13,Диференцијалне једначине,4М,јесењи,2015,0,1,ЛП,Студентски трг
РМ11,Компилација програмских језика,29,9.3.2026.,17,Рачунарство,3МР,пролећни,2022,1,1,,Студентски трг
РМ11,Компилација програмских језика,29,9.3.2026.,17,Рачунарство,3M,пролећни,2015,1,1,Р,Студентски трг
15-М2.31С,Комплексна анализа,13,13.3.2026.,9,Комплексна,3M,јесењи,2015,0,0,С,Студентски трг
М2.31С,Комплексна анализа,26,13.3.2026.,9,Комплексна,3МС,јесењи,2022,0,0,,Студентски трг
М2.13,Комплексна анализа А,5,13.3.2026.,9,Комплексна,3M,јесењи,2015,0,0,М,Студентски трг
М2.13,Комплексна анализа А,12,13.3.2026.,9,Комплексна,3ММ,јесењи,2022,0,0,,Студентски трг
М2.15,Комплексна анализа Б,4,13.3.2026.,9,Комплексна,3M,пролећни,2015,0,1,М,Студентски трг
М2.15,Комплексна анализа Б,12,13.3.2026.,9,Комплексна,3ММ,пролећни,2022,0,1,,Студентски трг
М2.31,Комплексне функције,3,13.3.2026.,9,Комплексна,3МП,јесењи,2022,0,0,,Студентски трг
15-М2.31,Комплексне функције,19,13.3.2026.,9,Комплексна,3M,јесењи,2015,0,0,ПР,Студентски трг
М2.31,Комплексне функције,23,13.3.2026.,9,Комплексна,3МР,јесењи,2022,0,0,,Студентски трг
М4.18,Конвексна анализа,3,6.3.2026.,17,Топологија,3МП,пролећни,2022,0,1,,Студентски трг
М4.18,Конвексна анализа,5,6.3.2026.,17,Топологија,3M,пролећни,2015,0,1,,Студентски трг
РМ09,Конструкција и анализа алгоритама,17,5.3.2026.,9,Рачунарство,3M,јесењи,2015,1,1,Р,Студентски трг
Р210,Конструкција и анализа алгоритама,60,11.3.2026.,13,Рачунарство,2И,пролећни,2024,1,1,,Непознато
Р210,Конструкција и анализа алгоритама,253,11.3.2026.,13,Рачунарство,2И,пролећни,2017,1,1,,Непознато
Р310,Конструкција и анализа алгоритама 2,0,14.3.2026.,17,Рачунарство,5МП,јесењи,2022,1,1,,Непознато
Р310,Конструкција и анализа алгоритама 2,26,14.3.2026.,17,Рачунарство,5МР,јесењи,2022,1,1,,Непознато
Р310,Конструкција и анализа алгоритама 2,60,14.3.2026.,17,Рачунарство,5И,јесењи,2019,1,1,,Непознато
Р241,Конструкција компилатора,2,9.3.2026.,13,Рачунарство,4МР,пролећни,2022,1,1,,Студентски трг
Р241,Конструкција компилатора,118,9.3.2026.,13,Рачунарство,4И,пролећни,2017,1,1,,Студентски трг
Р312,Криптографија,2,11.3.2026.,17,Рачунарство,5МП,пролећни,2022,1,1,,Непознато
Р312,Криптографија,22,11.3.2026.,17,Рачунарство,5МР,пролећни,2022,1,1,,Непознато
Р312,Криптографија,59,11.3.2026.,17,Рачунарство,5И,пролећни,2019,1,1,,Непознато
РМ10,Лексичка анализа,10,14.3.2026.,17,Рачунарство,3M,јесењи,2015,1,1,Р,Непознато
РМ10,Лексичка анализа,16,14.3.2026.,17,Рачунарство,3МР,јесењи,2022,1,1,,Непознато
М120,Линеарна алгебра и аналитичка геометрија,42,7.3.2026.,9,Алгебра,1И,јесењи,2017,0,1,,Студентски трг
М120,Линеарна алгебра и аналитичка геометрија,154,7.3.2026.,9,Алгебра,1И,јесењи,2024,0,1,,Студентски трг
M5.13,Линеарни статистички модели,20,7.3.2026.,17,Вероватноћа,4М,јесењи,2015,1,1,С,Светог Николе
М4.141,Линеарно програмирање,3,5.3.2026.,9,Нумерика,3МП,јесењи,2022,0,1,,Студентски трг
М1.17,Математичка логика у рачунарству,24,12.3.2026.,17,Алгебра,3МР,јесењи,2022,0,1,,Студентски трг
М1.17,Математичка логика у рачунарству,25,12.3.2026.,17,Алгебра,4М,јесењи,2015,0,1,Р,Студентски трг
М5.05,Математичка статистика,20,16.3.2026.,13,Вероватноћа,3M,пролећни,2015,0,1,С,Студентски трг
М5.05,Математичка статистика,28,16.3.2026.,13,Вероватноћа,3МС,пролећни,2022,0,1,,Студентски трг
НМ3.05,Математичке методе класичне механике,2,10.3.2026.,17,Анализа,4ММ,јесењи,2022,0,1,,Студентски трг
М2.21,Математичке методе методе квантне механике,0,11.3.2026.,13,Анализа,4М,пролећни,2015,0,1,,Студентски трг
М2.21,Математичке методе методе квантне механике,3,11.3.2026.,13,Анализа,4ММ,пролећни,2022,0,1,,Студентски трг
2М8.01,Математички методи механике,0,11.3.2026.,13,Анализа,5МЛ,пролећни,2022,0,1,,Студентски трг
2М8.01,Математички методи механике,0,11.3.2026.,13,Анализа,5МЛМ,пролећни,2022,0,1,,Студентски трг
2М8.01,Математички методи механике,7,11.3.2026.,13,Анализа,5ММ,пролећни,2022,0,1,,Студентски трг
Р363,Машинско учење,1,16.3.2026.,17,Рачунарство,5ММ,пролећни,2022,1,1,,Непознато
Р363,Машинско учење,1,16.3.2026.,17,Рачунарство,5МП,пролећни,2022,1,1,,Непознато
НР2.01,Машинско учење,7,16.3.2026.,17,Рачунарство,4МС,пролећни,2022,1,1,,Непознато
НР2.01,Машинско учење,11,16.3.2026.,17,Рачунарство,4МР,пролећни,2022,1,1,,Непознато
Р363,Машинско учење,20,16.3.2026.,17,Рачунарство,5МС,пролећни,2022,1,1,,Непознато
Р363,Машинско учење,27,16.3.2026.,17,Рачунарство,5МР,пролећни,2022,1,1,,Непознато
Р363,Машинско учење,89,16.3.2026.,17,Рачунарство,5И,пролећни,2019,1,1,,Непознато
2М4.091,Метахеуристичке методе,1,13.3.2026.,13,Нумерика,5И,јесењи,2019,0,0,,Студентски трг
2М4.091,Метахеуристичке методе,6,13.3.2026.,13,Нумерика,5МП,јесењи,2022,1,0,,Непознато
М4.14,Методе математичког програмирања,5,16.3.2026.,17,Нумерика,4М,пролећни,2015,1,1,П,Непознато
2М1.01,Методика наставе алгебре и математичке логике са школском праксом,5,14.3.2026.,17,Алгебра,5МЛМ,јесењи,2022,0,1,,Студентски трг
2М2.01,Методика наставе анализе са школском праксом,5,10.3.2026.,17,Анализа,5МЛМ,јесењи,2022,0,1,,Студентски трг
2М3.01,Методика наставе геометрије са школском праксом,5,14.3.2026.,13,Геометрија,5МЛМ,јесењи,2022,0,1,,Студентски трг
М1.07,Методика наставе математике А,1,14.3.2026.,17,Алгебра,3МЛ,јесењи,2022,0,1,,Студентски трг
М1.07,Методика наставе математике А,5,14.3.2026.,17,Алгебра,3M,јесењи,2015,0,1,Л,Студентски трг
М2.09,Методика наставе математике Б,1,10.3.2026.,17,Анализа,3МЛ,пролећни,2022,0,0,,Студентски трг
М2.09,Методика наставе математике Б,4,10.3.2026.,17,Анализа,3M,пролећни,2015,0,0,Л,Студентски трг
М3.05,Методика наставе математике Ц,3,14.3.2026.,13,Геометрија,4М,јесењи,2015,0,1,Л,Студентски трг
РМ06,Методика наставе програмирања,2,11.3.2026.,17,Рачунарство,4МЛ,пролећни,2022,1,1,,Непознато
2РМЛ1,Методика наставе рачунарства 2,14,12.3.2026.,13,Рачунарство,5МЛ,јесењи,2022,1,1,,Непознато
РМ05,Методика наставе рачунарства А,3,7.3.2026.,17,Рачунарство,4М,јесењи,2015,1,1,Л,Светог Николе
РМ05,Методика наставе рачунарства и информатике,3,7.3.2026.,17,Рачунарство,4МЛ,јесењи,2022,1,1,,Светог Николе
15-РМ06,Методика наставе рачунаства Б,6,11.3.2026.,17,Рачунарство,4М,пролећни,2015,1,1,,Непознато
2М7.02,Методологија истраживања у настави математике,0,16.3.2026.,13,Алгебра,5МЛМ,јесењи,2022,0,0,,Студентски трг
2М7.02,Методологија истраживања у настави математике,1,16.3.2026.,13,Алгебра,5ММ,пролећни,2022,0,1,,Студентски трг
2М7.02,Методологија истраживања у настави математике,7,16.3.2026.,13,Алгебра,5МЛ,јесењи,2022,0,0,,Студентски трг
ОМ12,Методологија научног и стручног рада,78,9.3.2026.,17,Рачунарство,5И,јесењи,2019,0,0,,Студентски трг
НМ2.01,Напредни концепти анализе 1,3,16.3.2026.,9,Анализа,2М,јесењи,2022,0,0,М,Студентски трг
НМ1.03,Напредни концепти елементарне математике,24,5.3.2026.,17,Остало,1М,јесењи,2022,0,1,,Студентски трг
Р308,Научно израчунавање,3,17.3.2026.,17,Рачунарство,5МП,пролећни,2022,1,0,,Непознато
Р308,Научно израчунавање,12,17.3.2026.,17,Рачунарство,5МР,пролећни,2022,1,0,,Непознато
Р308,Научно израчунавање,22,17.3.2026.,17,Рачунарство,5И,пролећни,2019,1,0,,Непознато
НМ2.03,Нееуклидске геометрије,6,6.3.2026.,13,Геометрија,2М,пролећни,2022,0,1,М,Студентски трг
М4.142,Нелинеарно програмирање,2,16.3.2026.,17,Нумерика,3МП,пролећни,2022,1,1,,Непознато
М4.07,Нумеричка анализа 1А,5,16.3.2026.,17,Нумерика,3МП,јесењи,2022,1,0,,Непознато
М4.07,Нумеричка анализа 1А,6,16.3.2026.,17,Нумерика,3M,јесењи,2015,1,0,П,Непознато
М4.09,Нумеричка анализа 1Б,4,13.3.2026.,13,Нумерика,3МП,пролећни,2022,1,1,,Непознато
М4.09,Нумеричка анализа 1Б,4,13.3.2026.,13,Нумерика,3M,пролећни,2015,1,1,П,Непознато
М4.13,Нумеричка анализа 2А,1,14.3.2026.,17,Нумерика,4МП,јесењи,2022,1,1,,Непознато
М4.13,Нумеричка анализа 2А,2,14.3.2026.,17,Нумерика,4М,јесењи,2015,1,1,П,Непознато
М4.15,Нумеричка анализа 2Б,1,13.3.2026.,13,Нумерика,4МП,пролећни,2022,0,1,,Студентски трг
М4.15,Нумеричка анализа 2Б,2,13.3.2026.,13,Нумерика,4М,пролећни,2015,1,1,,Непознато
М4.04,Нумеричке методе,28,16.3.2026.,17,Нумерика,3МР,пролећни,2022,1,1,,Непознато
М4.04,Нумеричке методе,62,16.3.2026.,17,Нумерика,3M,пролећни,2015,1,1,Р,Непознато
РМ04,Објектно оријентисано програмирање,56,9.3.2026.,13,Рачунарство,2М,пролећни,2015,1,1,,Студентски трг
П102,Објектно оријентисано програмирање,81,12.3.2026.,13,Рачунарство,2И,јесењи,2024,1,1,,Непознато
П102,Објектно оријентисано програмирање,81,12.3.2026.,13,Рачунарство,2И,јесењи,2017,1,1,,Непознато
РМ04,Објектно оријентисано програмирање,123,9.3.2026.,13,Рачунарство,2М,пролећни,2022,1,1,,Студентски трг
М4.17,Обрада сигнала,3,5.3.2026.,9,Нумерика,4М,пролећни,2015,0,0,П,Студентски трг
М4.17,Обрада сигнала,3,5.3.2026.,9,Нумерика,3M,пролећни,2015,1,0,П,Студентски трг
М4.17,Обрада сигнала,5,5.3.2026.,9,Нумерика,3МП,пролећни,2022,1,0,,Студентски трг
М4.03,Образовни софтвер,3,17.3.2026.,17,Рачунарство,2М,јесењи,2022,1,1,МП,Непознато
М4.03,Образовни софтвер,3,17.3.2026.,17,Рачунарство,4МЛ,јесењи,2022,1,1,,Непознато
М4.03,Образовни софтвер,5,17.3.2026.,17,Рачунарство,4М,јесењи,2015,1,1,Л,Непознато
2РМЛМ1,Образовни софтвер са практикумом,6,17.3.2026.,17,Рачунарство,5МЛМ,јесењи,2022,1,1,,Непознато
2М6.01,Одабрана поглавља алгебарске топологије,0,6.3.2026.,17,Топологија,5МЛ,пролећни,2022,0,1,,Студентски трг
2М6.01,Одабрана поглавља алгебарске топологије,0,6.3.2026.,17,Топологија,5МЛМ,пролећни,2022,0,1,,Студентски трг
2М6.01,Одабрана поглавља алгебарске топологије,6,6.3.2026.,17,Топологија,5ММ,пролећни,2022,0,1,,Студентски трг
М1.122,Одабрана поглавља алгебре,2,12.3.2026.,17,Алгебра,4ММ,јесењи,2022,0,1,,Студентски трг
М1.12,Одабрана поглавља алгебре и математичке логике,1,16.3.2026.,13,Вероватноћа,4М,пролећни,2015,0,1,М,Студентски трг
М2.22А,Одабрана поглавља анализе,0,9.3.2026.,9,Анализа,4М,пролећни,2015,0,1,,Студентски трг
М2.22А,Одабрана поглавља анализе,1,9.3.2026.,9,Анализа,4ММ,пролећни,2022,0,1,,Студентски трг
М2.11,Одабрана поглавља анализе А,2,10.3.2026.,13,Анализа,4МЛ,јесењи,2022,0,1,,Студентски трг
М2.11,Одабрана поглавља анализе А,5,10.3.2026.,13,Анализа,4М,јесењи,2015,0,1,Л,Студентски трг
М2.22,Одабрана поглавља анализе Б,0,9.3.2026.,9,Анализа,4МЛ,пролећни,2022,0,1,,Студентски трг
М2.22,Одабрана поглавља анализе Б,4,9.3.2026.,9,Анализа,4М,пролећни,2015,0,1,Л,Студентски трг
АМ02,Одабрана поглавља астрономије,0,12.3.2026.,13,Астрономија,4МР,јесењи,2022,0,1,,Студентски трг
АМ02,Одабрана поглавља астрономије,0,12.3.2026.,13,Астрономија,4МС,јесењи,2022,0,1,,Студентски трг
АМ02,Одабрана поглавља астрономије,0,12.3.2026.,13,Астрономија,4МЛ,јесењи,2022,0,1,,Студентски трг
АМ02,Одабрана поглавља астрономије,2,12.3.2026.,13,Астрономија,3МП,јесењи,2022,0,1,,Студентски трг
АМ02,Одабрана поглавља астрономије,2,12.3.2026.,13,Астрономија,4МП,јесењи,2022,0,1,,Студентски трг
АМ02,Одабрана поглавља астрономије,18,12.3.2026.,13,Астрономија,3M,јесењи,2015,0,1,ЛМПРС,Студентски трг
АМ02,Одабрана поглавља астрономије,18,12.3.2026.,13,Астрономија,4М,јесењи,2015,0,1,ЛМПРС,Студентски трг
М3.06,Одабрана поглавља геометрије А,1,14.3.2026.,13,Геометрија,4М,јесењи,2015,0,1,Л,Студентски трг
М3.06,Одабрана поглавља геометрије А,6,14.3.2026.,13,Геометрија,4МЛ,јесењи,2022,0,1,,Студентски трг
М36.1,Одабрана поглавља геометрије и топологије,4,6.3.2026.,17,Топологија,4М,пролећни,2015,0,1,М,Студентски трг
2М2.08,Одабрана поглавља глобалне анализе,0,10.3.2026.,13,Анализа,5МЛ,јесењи,2022,0,1,,Студентски трг
2М2.08,Одабрана поглавља глобалне анализе,0,10.3.2026.,13,Анализа,5МЛМ,јесењи,2022,0,1,,Студентски трг
2М2.08,Одабрана поглавља глобалне анализе,9,10.3.2026.,13,Анализа,5ММ,јесењи,2022,0,1,,Студентски трг
2М6.02,Одабрана поглавља диференцијалне топологије,0,6.3.2026.,17,Топологија,5МЛМ,пролећни,2022,0,1,,Студентски трг
2М6.02,Одабрана поглавља диференцијалне топологије,1,6.3.2026.,17,Топологија,5МЛ,пролећни,2022,0,1,,Студентски трг
2М6.02,Одабрана поглавља диференцијалне топологије,8,6.3.2026.,17,Топологија,5ММ,пролећни,2022,0,1,,Студентски трг
М1.121,Одабрана поглавља математичке логике,0,16.3.2026.,13,Вероватноћа,4М,пролећни,2015,0,1,Л,Студентски трг
М1.121,Одабрана поглавља математичке логике,1,16.3.2026.,13,Алгебра,4ММ,пролећни,2022,0,1,,Студентски трг
М1.121,Одабрана поглавља математичке логике,1,16.3.2026.,13,Алгебра,4МЛ,пролећни,2022,0,1,,Студентски трг
2М5.03,Одабрана поглавља математичке статистике,11,7.3.2026.,17,Вероватноћа,5МС,јесењи,2022,0,1,,Студентски трг
2М5.05,Одабрана поглавља случајних процеса,13,13.3.2026.,17,Вероватноћа,5МС,јесењи,2022,0,0,,Студентски трг
РМ14,Оперативни системи,22,17.3.2026.,17,Рачунарство,4МР,јесењи,2022,1,1,,Непознато
РМ14,Оперативни системи,58,17.3.2026.,17,Рачунарство,4М,јесењи,2015,1,1,Р,Непознато
Р225,Оперативни системи,82,17.3.2026.,17,Рачунарство,2И,јесењи,2024,1,1,,Непознато
Р225,Оперативни системи,166,17.3.2026.,17,Рачунарство,2И,јесењи,2017,1,1,,Непознато
НР1.05,Оперативни системи и рачунарске мреже,2,17.3.2026.,17,Рачунарство,3МЛ,пролећни,2022,1,0,,Непознато
М4.05,Операциона истраживања,1,5.3.2026.,9,Нумерика,4МР,јесењи,2022,0,1,,Студентски трг
М4.05,Операциона истраживања,1,5.3.2026.,9,Нумерика,4МС,јесењи,2022,0,1,,Студентски трг
М4.05,Операциона истраживања,1,5.3.2026.,9,Нумерика,4МП,јесењи,2022,0,1,,Студентски трг
М4.05,Операциона истраживања,1,5.3.2026.,9,Нумерика,4М,јесењи,2015,0,1,ПРС,Студентски трг
М155,Операциона истраживања,11,5.3.2026.,9,Нумерика,4И,јесењи,2017,0,1,,Студентски трг
М4.12,Основе математичког моделирања,5,13.3.2026.,13,Нумерика,4М,пролећни,2015,0,1,П,Студентски трг
М4.12,Основе математичког моделирања,6,13.3.2026.,13,Нумерика,4МС,јесењи,2022,0,0,,Студентски трг
М180,Основе математичког моделирања,64,13.3.2026.,13,Нумерика,4И,пролећни,2017,0,1,,Студентски трг
О61,Основи астрономије,14,16.3.2026.,9,Остало,2И,пролећни,2017,0,1,,Студентски трг
М3.02,Основи геометрије,129,14.3.2026.,9,Геометрија,2М,јесењи,2022,0,1,,Студентски трг
2М5.042,Основи економије финансија и рачуноводства,17,11.3.2026.,9,Вероватноћа,5МС,пролећни,2022,0,1,,Студентски трг
О62,Основи механике,39,16.3.2026.,9,Остало,2И,пролећни,2017,0,1,,Студентски трг
15-М6.01,Очигледна топологија,0,6.3.2026.,17,Топологија,4М,пролећни,2015,0,1,С,Студентски трг
15-М6.01,Очигледна топологија,4,6.3.2026.,17,Топологија,3M,пролећни,2015,0,1,Л,Студентски трг
М6.01,Очигледна топологија са применама,0,6.3.2026.,17,Топологија,3МЛ,пролећни,2022,0,1,,Студентски трг
М2.28,Парцијалне једначине,0,9.3.2026.,13,Диференцијалне једначине,4МП,пролећни,2022,0,1,,Студентски трг
15-М2.28,Парцијалне једначине,0,9.3.2026.,13,Диференцијалне једначине,4М,пролећни,2015,0,1,П,Студентски трг
О1.05,Педагошка пракса 1,23,5.3.2026.,17,Комплексна,2М,пролећни,2022,0,0,Л,Студентски трг
О1.07,Педагошка пракса 2,2,5.3.2026.,17,Комплексна,3МЛ,јесењи,2022,0,1,Л,Студентски трг
НМ1.09,Полиноми и алгебарске једначине,1,16.3.2026.,13,Алгебра,3МЛ,пролећни,2022,0,1,,Студентски трг
О1.09,Пракса наставе математике и рачунарства,5,5.3.2026.,17,Комплексна,4МЛ,пролећни,2022,0,0,,Студентски трг
М7.01,Пракса наставе математике и рачунарства,8,5.3.2026.,17,Комплексна,4М,пролећни,2015,0,0,,Студентски трг
Р240,Превођење програмских језика,168,14.3.2026.,13,Рачунарство,3И,јесењи,2017,1,1,,Непознато
Р240,Превођење програмских језика – теорија,168,18.3.2026.,13,Рачунарство,3И,јесењи,2017,1,1,,Непознато
М133,Примена пројективне геометрије у рачунарству,100,6.3.2026.,9,Геометрија,4И,јесењи,2017,0,0,,Студентски трг
15-П100,Програмирање 1,14,14.3.2026.,9,Рачунарство,1И,јесењи,2017,1,1,,Непознато
РМ01,Програмирање 1,17,14.3.2026.,17,Рачунарство,1М,јесењи,2015,1,1,,Непознато
РМ01,Програмирање 1,147,14.3.2026.,17,Рачунарство,1М,јесењи,2022,1,1,,Непознато
РМ02,Програмирање 2,37,16.3.2026.,9,Рачунарство,1М,пролећни,2015,1,1,,Непознато
15-П101,Програмирање 2,59,6.3.2026.,9,Рачунарство,1И,пролећни,2017,1,1,,Светог Николе
РМ02,Програмирање 2,201,16.3.2026.,9,Рачунарство,1М,пролећни,2022,1,1,,Непознато
РМ16,Програмирање база података,17,16.3.2026.,9,Рачунарство,4МР,пролећни,2022,1,1,,Непознато
РМ16,Програмирање база података,52,16.3.2026.,9,Рачунарство,4М,пролећни,2015,1,1,ПР,Непознато
Р272,Програмирање база података,62,16.3.2026.,9,Рачунарство,4И,пролећни,2017,1,1,,Непознато
Р291,Програмирање за веб,30,6.3.2026.,17,Рачунарство,4И,пролећни,2017,1,1,,Светог Николе
2РМЛ2,Програмске парадигме,0,11.3.2026.,17,Рачунарство,5МП,јесењи,2022,1,0,,Непознато
2РМЛ2,Програмске парадигме,8,11.3.2026.,17,Рачунарство,5МЛ,јесењи,2022,1,0,,Непознато
РМ12,Програмске парадигме,12,11.3.2026.,17,Рачунарство,3M,јесењи,2015,1,0,Р,Непознато
РМ12,Програмске парадигме,17,11.3.2026.,17,Рачунарство,3МР,јесењи,2022,1,0,,Непознато
15-Р245,Програмске парадигме,187,11.3.2026.,17,Рачунарство,3И,пролећни,2017,1,1,,Непознато
М4.02,Програмски пакети у математици,0,6.3.2026.,13,Геометрија,4М,пролећни,2015,0,1,СР,Студентски трг
М4.02,Програмски пакети у математици,1,6.3.2026.,13,Геометрија,3МЛ,пролећни,2022,0,1,,Студентски трг
М4.02,Програмски пакети у математици,7,6.3.2026.,13,Геометрија,2М,пролећни,2022,0,1,МП,Студентски трг
М4.02,Програмски пакети у математици,11,6.3.2026.,13,Геометрија,2М,пролећни,2015,0,1,Л,Студентски трг
М3.04,Пројективна геометрија са применама у рачунарству,0,14.3.2026.,13,Геометрија,4МР,јесењи,2022,0,1,,Студентски трг
М3.04,Пројективна геометрија са применама у рачунарству,4,14.3.2026.,13,Геометрија,3МЛ,јесењи,2022,0,1,,Студентски трг
М3.04,Пројективна геометрија са применама у рачунарству,4,14.3.2026.,13,Геометрија,4МС,јесењи,2022,0,1,,Студентски трг
М3.04,Пројективна геометрија са применама у рачунарству,15,14.3.2026.,13,Геометрија,3ММ,јесењи,2022,0,1,,Студентски трг
Р273,Пројектовање база података,157,17.3.2026.,13,Рачунарство,4И,пролећни,2017,0,1,,Студентски трг
С1.08Б,Психологија,5,16.3.2026.,17,Остало,3M,јесењи,2015,0,0,Л,Студентски трг
О1.03,Психологија,21,16.3.2026.,17,Остало,2М,пролећни,2022,0,1,Л,Студентски трг
Р290,Развој софтвера,3,12.3.2026.,17,Рачунарство,4МР,пролећни,2022,1,0,,Непознато
Р290,Развој софтвера,132,12.3.2026.,17,Рачунарство,4И,јесењи,2017,1,1,,Непознато
Р390,Развој софтвера 2,14,12.3.2026.,13,Рачунарство,5МР,јесењи,2022,1,1,,Непознато
Р390,Развој софтвера 2,52,12.3.2026.,13,Рачунарство,5И,јесењи,2019,1,1,,Непознато
Р255,Рачунарска графика,244,5.3.2026.,13,Рачунарство,3И,јесењи,2017,0,1,,Студентски трг
Р269,Рачунарска интелигенција,105,10.3.2026.,17,Рачунарство,4И,јесењи,2017,1,1,,Непознато
РМ17,Рачунарске мреже,15,11.3.2026.,17,Рачунарство,4МР,пролећни,2022,1,1,,Непознато
РМ17,Рачунарске мреже,37,11.3.2026.,17,Рачунарство,4М,пролећни,2015,1,1,Р,Непознато
Р231,Рачунарске мреже - практични,173,11.3.2026.,17,Рачунарство,4И,јесењи,2017,1,0,,Непознато
Р231,Рачунарске мреже - теорија,173,4.3.2026.,17,Рачунарство,4И,јесењи,2017,1,1,,Непознато
НРМ03,Рачунарски системи,51,5.3.2026.,17,Рачунарство,2М,јесењи,2022,0,1,ЛМС,Студентски трг
О22,Рачунарство и друштво,19,7.3.2026.,17,Рачунарство,4И,пролећни,2017,0,0,,Студентски трг
Р270,Релационе базе података,77,12.3.2026.,9,Рачунарство,2И,пролећни,2024,1,0,,Непознато
Р270,Релационе базе података,162,12.3.2026.,9,Рачунарство,3И,јесењи,2017,1,1,,Непознато
НР1.03,Скрипт програмирање,1,13.3.2026.,17,Рачунарство,3МЛ,пролећни,2022,0,1,,Студентски трг
Р181,Скрипт програмирање,85,13.3.2026.,17,Рачунарство,2И,пролећни,2024,1,1,,Непознато
М5.06,Случајни процеси,0,13.3.2026.,17,Вероватноћа,4МП,пролећни,2022,0,1,,Студентски трг
М5.06,Случајни процеси,13,13.3.2026.,17,Вероватноћа,3M,пролећни,2015,0,1,С,Студентски трг
М5.06,Случајни процеси,19,13.3.2026.,17,Вероватноћа,3МС,пролећни,2022,0,1,,Студентски трг
СПК61,Специјални курс,139,5.3.2026.,17,Рачунарство,4И,пролећни,2017,0,1,,Студентски трг
М162,Статистика,230,16.3.2026.,13,Вероватноћа,3И,пролећни,2017,1,1,,Непознато
М5.04,Статистички софтвер 1,10,10.3.2026.,9,Вероватноћа,3M,јесењи,2015,1,1,С,Непознато
М5.04,Статистички софтвер 1,22,10.3.2026.,9,Вероватноћа,3МС,јесењи,2022,1,1,,Непознато
М5.07,Статистички софтвер 2,6,11.3.2026.,9,Вероватноћа,3M,пролећни,2015,1,1,С,Непознато
М5.07,Статистички софтвер 2,16,11.3.2026.,9,Вероватноћа,3МС,пролећни,2022,1,1,,Непознато
М5.09,Статистички софтвер 3,14,10.3.2026.,9,Вероватноћа,4МС,јесењи,2022,1,1,,Непознато
М5.09,Статистички софтвер 3,20,10.3.2026.,9,Вероватноћа,4М,јесењи,2015,1,1,С,Непознато
М5.12,Статистички софтвер 4,9,11.3.2026.,9,Вероватноћа,4МС,пролећни,2022,1,1,,Непознато
М5.12,Статистички софтвер 4,13,11.3.2026.,9,Вероватноћа,4М,пролећни,2015,1,1,,Непознато
2М5.15,Стохастички модели у операционим истраживањима,1,16.3.2026.,13,Вероватноћа,5МП,пролећни,2022,0,1,,Студентски трг
2М5.15,Стохастички модели у операционим истраживањима,8,16.3.2026.,13,Вероватноћа,5МС,пролећни,2022,0,1,,Студентски трг
С2.01,Страни језик,119,13.3.2026.,9,Остало,1М,пролећни,2022,0,1,,Студентски трг
М1.18,Теорија алгоритама,1,14.3.2026.,17,Алгебра,4М,пролећни,2015,0,0,ЛР,Студентски трг
М4.11,Теорија апроксимација,0,5.3.2026.,9,Нумерика,3ММ,јесењи,2022,0,1,,Студентски трг
М1.08,Теорија бројева 1,5,14.3.2026.,17,Алгебра,3ММ,пролећни,2022,0,0,,Студентски трг
М5.03,Теорија вероватноћа,26,5.3.2026.,9,Вероватноћа,3МС,јесењи,2022,0,1,,Студентски трг
М4.06,Теорија игара са применама,0,13.3.2026.,9,Нумерика,4МП,пролећни,2022,0,1,,Студентски трг
М4.06,Теорија игара са применама,6,13.3.2026.,9,Нумерика,3МР,пролећни,2022,0,1,,Студентски трг
М4.06,Теорија игара са применама,7,13.3.2026.,9,Нумерика,4М,пролећни,2015,0,1,МПР,Студентски трг
Р219,Теорија израчунљивости,9,14.3.2026.,17,Алгебра,4И,јесењи,2017,0,1,,Студентски трг
М1.101,Теорија израчунљивости,21,14.3.2026.,17,Алгебра,4МР,јесењи,2022,0,1,,Студентски трг
15-М5.17,Теорија информације,2,10.3.2026.,13,Вероватноћа,4М,пролећни,2015,0,0,С,Студентски трг
М5.17,Теорија информације,12,10.3.2026.,13,Вероватноћа,4МС,јесењи,2022,0,1,,Студентски трг
М2.07,Теорија мере и интеграције,5,11.3.2026.,13,Анализа,3МЛ,пролећни,2022,0,1,,Студентски трг
М2.07,Теорија мере и интеграције,27,11.3.2026.,13,Анализа,3МР,пролећни,2022,0,1,,Студентски трг
М2.07,Теорија мере и интеграције,59,11.3.2026.,13,Анализа,3M,пролећни,2015,0,1,ЛР,Студентски трг
М5.08,Теорија узорака,30,12.3.2026.,9,Вероватноћа,3МС,пролећни,2022,1,0,,Непознато
М5.08,Теорија узорака,37,12.3.2026.,9,Вероватноћа,3M,пролећни,2015,1,0,С,Непознато
О45,Техничко и научно писање,8,17.3.2026.,9,Остало,1И,јесењи,2017,0,0,,Студентски трг
О45,Техничко и научно писање,89,17.3.2026.,9,Остало,1И,јесењи,2024,0,0,,Студентски трг
М6.02,Топологија А,3,10.3.2026.,13,Топологија,3M,јесењи,2015,0,1,М,Студентски трг
М6.02,Топологија А,18,10.3.2026.,13,Топологија,3ММ,јесењи,2022,0,1,,Студентски трг
М6.03,Топологија Б,4,6.3.2026.,17,Топологија,3M,пролећни,2015,0,1,М,Студентски трг
М6.03,Топологија Б,18,6.3.2026.,17,Топологија,3ММ,пролећни,2022,0,1,,Студентски трг
П101,Увод у алгоритме,187,6.3.2026.,9,Рачунарство,1И,пролећни,2024,1,1,,Светог Николе
НР1.01,Увод у алгоритме и структуре података,8,5.3.2026.,9,Рачунарство,3МЛ,јесењи,2022,1,1,,Студентски трг
НР1.01,Увод у алгоритме и структуре података,13,5.3.2026.,9,Рачунарство,2М,јесењи,2022,1,1,МП,Студентски трг
НР1.01,Увод у алгоритме и структуре података,23,5.3.2026.,9,Рачунарство,3МР,јесењи,2022,1,1,,Студентски трг
АМ01,Увод у астрономију,6,12.3.2026.,13,Астрономија,3M,јесењи,2015,0,1,Л,Студентски трг
НАМ01,Увод у астрономију и астрофизику,2,12.3.2026.,13,Астрономија,3ММ,пролећни,2022,0,0,,Студентски трг
Р309,Увод у биоинформатику,4,6.3.2026.,17,Рачунарство,5МП,јесењи,2022,1,0,,Јагићева
Р309,Увод у биоинформатику,24,6.3.2026.,17,Рачунарство,5МР,јесењи,2022,1,0,,Јагићева
Р309,Увод у биоинформатику,48,6.3.2026.,17,Рачунарство,5И,пролећни,2019,1,1,,Јагићева
Р130,Увод у веб и интернет технологије,6,6.3.2026.,17,Рачунарство,4МР,пролећни,2022,1,1,,Светог Николе
Р130,Увод у веб и интернет технологије,78,6.3.2026.,17,Рачунарство,2И,пролећни,2024,1,1,,Светог Николе
Р130,Увод у веб и интернет технологије,140,6.3.2026.,17,Рачунарство,2И,пролећни,2017,1,1,,Светог Николе
МС5.01,Увод у вероватноћу,5,7.3.2026.,17,Вероватноћа,2М,јесењи,2015,0,1,С,Светог Николе
МС5.01,Увод у вероватноћу,30,7.3.2026.,17,Вероватноћа,2М,јесењи,2022,0,1,С,Светог Николе
Р265,Увод у интерактивно доказивање теорема,2,9.3.2026.,9,Рачунарство,4МР,јесењи,2022,1,0,,Студентски трг
Р265,Увод у интерактивно доказивање теорема,22,9.3.2026.,9,Рачунарство,4И,пролећни,2017,1,1,,Студентски трг
П099,Увод у информатику,145,10.3.2026.,13,Рачунарство,1И,јесењи,2024,1,1,,Непознато
М2.05,Увод у комплексну анализу,3,13.3.2026.,9,Комплексна,4МЛ,јесењи,2022,0,0,,Студентски трг
15-М2.05,Увод у комплексну анализу,5,13.3.2026.,9,Комплексна,3M,јесењи,2015,0,0,Л,Студентски трг
М118,Увод у комплексну анализу,11,13.3.2026.,9,Комплексна,4И,пролећни,2017,0,1,,Студентски трг
НМ3.03,Увод у комутативну алгебру,3,16.3.2026.,13,Алгебра,4ММ,јесењи,2022,0,0,,Студентски трг
НМ1.07,Увод у математичко моделирање и програмирање,0,13.3.2026.,13,Нумерика,3ММ,пролећни,2022,0,1,,Студентски трг
НМ1.07,Увод у математичко моделирање и програмирање,0,13.3.2026.,13,Нумерика,3МЛ,пролећни,2022,0,1,,Студентски трг
НМ1.07,Увод у математичко моделирање и програмирање,4,13.3.2026.,13,Нумерика,3МР,пролећни,2022,0,1,,Студентски трг
М1.02,Увод у математичку логику,15,7.3.2026.,9,Алгебра,1М,јесењи,2015,0,1,,Студентски трг
М1.02,Увод у математичку логику,132,7.3.2026.,9,Алгебра,1М,јесењи,2022,0,1,,Студентски трг
НМ2.05,Увод у неглатку анализу,10,16.3.2026.,9,Анализа,2М,пролећни,2022,0,1,М,Студентски трг
М4.01,Увод у нумеричку математику,92,13.3.2026.,13,Нумерика,2М,пролећни,2015,1,1,,Непознато
М4.01,Увод у нумеричку математику,153,13.3.2026.,13,Нумерика,2М,пролећни,2022,1,1,,Непознато
15-М150,Увод у нумеричку математику,288,13.3.2026.,13,Нумерика,3И,јесењи,2017,1,0,,Непознато
РМ03,Увод у организацију и архитектуру рачунара,25,5.3.2026.,17,Рачунарство,2М,јесењи,2022,0,1,Р,Студентски трг
Р220,Увод у организацију и архитектуру рачунара,158,9.3.2026.,9,Рачунарство,1И,пролећни,2024,1,1,,Студентски трг
Р120,Увод у организацију и архитектуру рачунара 1,12,5.3.2026.,17,Рачунарство,1И,јесењи,2017,0,1,,Студентски трг
15-РМ03,Увод у организацију и архитектуру рачунара 1,29,5.3.2026.,17,Рачунарство,2М,јесењи,2015,0,1,,Студентски трг
15-Р220,Увод у организацију и архитектуру рачунара 2,62,9.3.2026.,9,Рачунарство,1И,пролећни,2017,1,1,,Студентски трг
П100,Увод у програмирање,126,14.3.2026.,9,Рачунарство,1И,јесењи,2024,1,1,,Непознато
НМ3.09,Увод у рачунарску алгебру,0,16.3.2026.,13,Алгебра,4МС,јесењи,2022,0,0,,Студентски трг
НМ3.09,Увод у рачунарску алгебру,3,16.3.2026.,13,Алгебра,3МР,пролећни,2022,0,1,,Студентски трг
М170,Увод у рачунарску топологију,8,6.3.2026.,17,Топологија,4И,пролећни,2017,0,1,,Студентски трг
М170,Увод у рачунарску топологију,10,6.3.2026.,17,Топологија,4МС,пролећни,2022,0,1,,Студентски трг
РМ13,Увод у релационе базе података,4,9.3.2026.,17,Рачунарство,4МЛ,јесењи,2022,1,1,,Студентски трг
РМ13,Увод у релационе базе података,6,9.3.2026.,17,Рачунарство,4МС,јесењи,2022,1,1,,Студентски трг
РМ13,Увод у релационе базе података,21,9.3.2026.,17,Рачунарство,4МР,јесењи,2022,1,1,,Студентски трг
РМ13,Увод у релационе базе података,39,9.3.2026.,17,Рачунарство,4М,јесењи,2015,1,1,Р,Студентски трг
МС5.02,Увод у статистику,6,16.3.2026.,13,Вероватноћа,2М,пролећни,2015,1,1,С,Непознато
МС5.02,Увод у статистику,40,16.3.2026.,13,Вероватноћа,2М,пролећни,2022,1,1,С,Непознато
П103,Увод у структуре података,92,5.3.2026.,9,Рачунарство,2И,јесењи,2024,1,1,,Студентски трг
Р104,Увод у теоријско рачунарство,77,16.3.2026.,17,Рачунарство,2И,пролећни,2024,0,1,,Студентски трг
М2.10,Увод у теоријску механику,0,10.3.2026.,17,Анализа,4МР,јесењи,2022,0,1,,Студентски трг
М2.10,Увод у теоријску механику,0,10.3.2026.,17,Анализа,4МЛ,јесењи,2022,0,1,,Студентски трг
М2.10,Увод у теоријску механику,1,10.3.2026.,17,Анализа,3МП,јесењи,2022,0,1,,Студентски трг
М2.10,Увод у теоријску механику,1,10.3.2026.,17,Анализа,4МП,јесењи,2022,0,1,,Студентски трг
М2.10,Увод у теоријску механику,11,10.3.2026.,17,Анализа,4МС,јесењи,2022,0,1,,Студентски трг
М2.10,Увод у теоријску механику,30,10.3.2026.,17,Анализа,4М,јесењи,2015,0,1,ЛМПРС,Студентски трг
М2.10,Увод у теоријску механику 1,30,10.3.2026.,17,Анализа,3M,јесењи,2015,0,1,ЛРС,Студентски трг
НМ1.05,Увод у теорију бројева и комбинаторику,17,12.3.2026.,13,Алгебра,2М,јесењи,2022,0,1,Л,Студентски трг
М2.20,Увод у теорију динамичких система,1,9.3.2026.,13,Диференцијалне једначине,4ММ,пролећни,2022,0,1,,Студентски трг
М2.20,Увод у теорију динамичких система,2,9.3.2026.,13,Диференцијалне једначине,4М,пролећни,2015,0,1,М,Студентски трг
2М2.20,Увод у теорију Морса,0,16.3.2026.,9,Анализа,5МЛ,пролећни,2022,0,1,,Студентски трг
2М2.20,Увод у теорију Морса,0,16.3.2026.,9,Анализа,5МЛМ,пролећни,2022,0,1,,Студентски трг
2М2.20,Увод у теорију Морса,9,16.3.2026.,9,Анализа,5ММ,пролећни,2022,0,1,,Студентски трг
М165,Увод у теорију узорака,11,12.3.2026.,9,Вероватноћа,4И,пролећни,2017,1,0,,Непознато
С1.01,Увод у финансијску математику,14,7.3.2026.,17,Вероватноћа,2М,јесењи,2015,0,1,ЛМПР,Светог Николе
С1.01,Увод у финансијску математику,31,7.3.2026.,17,Вероватноћа,2М,јесењи,2022,0,1,ЛМПР,Светог Николе
О301,Управљање пројектима у индустрији и науци,3,11.3.2026.,9,Рачунарство,5МР,јесењи,2022,0,0,,Студентски трг
О301,Управљање пројектима у индустрији и науци,16,11.3.2026.,9,Рачунарство,5И,пролећни,2019,0,1,,Студентски трг
М2.24,Функционална анализа,5,11.3.2026.,13,Анализа,4МС,пролећни,2022,0,1,,Студентски трг
М2.24,Функционална анализа,42,11.3.2026.,13,Анализа,4М,пролећни,2015,0,1,РС,Студентски трг
Р246,Функционално програмирање,81,13.3.2026.,17,Рачунарство,4И,пролећни,2017,1,1,,Непознато
НМ4.09,Хеуристичке методе,2,13.3.2026.,13,Нумерика,4МП,пролећни,2022,0,1,,Студентски трг
